"Approval Date","Drug Name","Submission","Active Ingredients","Company","Submission Classification *","Submission Status"
"11/01/2016","FAMVIRNDA   #020363","SUPPL-48","FAMCICLOVIR","NOVARTIS","Manufacturing (CMC)","Approval"
"11/01/2016","CUROSURFBLA   #020744","SUPPL-33","PORACTANT ALFA","CHIESI USA INC","","Approval"
"11/01/2016","BENICARNDA   #021286","SUPPL-36","OLMESARTAN MEDOXOMIL","DAIICHI SANKYO","Labeling","Approval"
"11/01/2016","AZORNDA   #022100","SUPPL-32","AMLODIPINE BESYLATE; OLMESARTAN MEDOXOMIL","DAIICHI SANKYO","Labeling","Approval"
"11/01/2016","QUETIAPINE FUMARATEANDA  #090681","ORIG-1","QUETIAPINE FUMARATE","ACCORD HLTHCARE","","Approval"
"11/01/2016","TRIBENZORNDA   #200175","SUPPL-25","AMLODIPINE BESYLATE; HYDROCHLOROTHIAZIDE; OLMESARTAN MEDOXOMIL","DAIICHI SANKYO","Labeling","Approval"
"11/01/2016","KETOROLAC TROMETHAMINEANDA  #204216","ORIG-1","KETOROLAC TROMETHAMINE","GLAND","","Approval"
"11/01/2016","VALSARTANANDA  #205357","ORIG-1","VALSARTAN","HUAREN PHARMACEUTICAL CO LTD","","Tentative Approval"
"11/01/2016","SIVEXTRONDA   #205435","SUPPL-4","TEDIZOLID PHOSPHATE","CUBIST PHARMS LLC","Manufacturing (CMC)","Approval"
"11/02/2016","MARPLANNDA   #011961","SUPPL-44","ISOCARBOXAZID","VALIDUS PHARMS INC","Manufacturing (CMC)","Approval"
"11/02/2016","DESONIDENDA   #017010","SUPPL-23","DESONIDE","PADAGIS US","Manufacturing (CMC)","Approval"
"11/02/2016","KLONOPINNDA   #017533","SUPPL-57","CLONAZEPAM","ROCHE","Manufacturing (CMC)","Approval"
"11/02/2016","DEPAKENENDA   #018081","SUPPL-65","VALPROIC ACID","ABBVIE","Labeling","Approval"
"11/02/2016","DEPAKENENDA   #018082","SUPPL-48","VALPROIC ACID","ABBVIE","Labeling","Approval"
"11/02/2016","DEPAKOTENDA   #018723","SUPPL-57","DIVALPROEX SODIUM","ABBVIE","Labeling","Approval"
"11/02/2016","MAGNEVISTNDA   #019596","SUPPL-59","GADOPENTETATE DIMEGLUMINE","BAYER HLTHCARE","Manufacturing (CMC)","Approval"
"11/02/2016","DEPAKOTENDA   #019680","SUPPL-44","DIVALPROEX SODIUM","ABBVIE","Labeling","Approval"
"11/02/2016","DEPACONNDA   #020593","SUPPL-35","VALPROATE SODIUM","ABBVIE","Labeling","Approval"
"11/02/2016","EXELONNDA   #020823","SUPPL-35","RIVASTIGMINE TARTRATE","NOVARTIS","Labeling","Approval"
"11/02/2016","EXELONNDA   #021025","SUPPL-23","RIVASTIGMINE TARTRATE","NOVARTIS","Labeling","Approval"
"11/02/2016","DEPAKOTE ERNDA   #021168","SUPPL-35","DIVALPROEX SODIUM","ABBVIE","Labeling","Approval"
"11/02/2016","EXELONNDA   #022083","SUPPL-23","RIVASTIGMINE","NOVARTIS","Labeling","Approval"
"11/02/2016","VIMPATNDA   #022254","SUPPL-27","LACOSAMIDE","UCB INC","Manufacturing (CMC)","Approval"
"11/02/2016","DIGOXINANDA  #040282","SUPPL-16","DIGOXIN","MYLAN PHARMS INC","Labeling","Approval"
"11/02/2016","DIGOXINANDA  #040481","SUPPL-8","DIGOXIN","SANDOZ INC","Labeling","Approval"
"11/02/2016","DIGOXINANDA  #040481","SUPPL-12","DIGOXIN","SANDOZ INC","Labeling","Approval"
"11/02/2016","IBUPROFEN AND DIPHENHYDRAMINE CITRATEANDA  #079113","SUPPL-21","DIPHENHYDRAMINE CITRATE; IBUPROFEN","PERRIGO R AND D","Manufacturing (CMC)","Approval"
"11/02/2016","SKYLANDA   #203159","SUPPL-6","LEVONORGESTREL","BAYER HLTHCARE","Labeling","Approval"
"11/02/2016","ERIVEDGENDA   #203388","SUPPL-10","VISMODEGIB","GENENTECH","Labeling","Approval"
"11/02/2016","RAPIVABNDA   #206426","SUPPL-2","PERAMIVIR","BIOCRYST","Manufacturing (CMC)","Approval"
"11/03/2016","IMODIUMNDA   #017690","SUPPL-5","LOPERAMIDE HYDROCHLORIDE","J AND J CONSUMER INC","Labeling","Approval"
"11/03/2016","IMODIUMNDA   #017694","SUPPL-52","LOPERAMIDE HYDROCHLORIDE","J AND J CONSUMER INC","Labeling","Approval"
"11/03/2016","CYKLOKAPRONNDA   #019281","SUPPL-38","TRANEXAMIC ACID","PFIZER","Manufacturing (CMC)","Approval"
"11/03/2016","LAMISILNDA   #020539","SUPPL-27","TERBINAFINE HYDROCHLORIDE","NOVARTIS","Manufacturing (CMC)","Approval"
"11/03/2016","CUROSURFBLA   #020744","SUPPL-32","PORACTANT ALFA","CHIESI USA INC","","Approval"
"11/03/2016","ATNAANDA   #021175","SUPPL-32","ATROPINE; PRALIDOXIME CHLORIDE","US ARMY","Manufacturing (CMC)","Approval"
"11/03/2016","DUODOTENDA   #021983","SUPPL-22","ATROPINE; PRALIDOXIME CHLORIDE","MERIDIAN MEDCL","Manufacturing (CMC)","Approval"
"11/03/2016","LOPERAMIDE HYDROCHLORIDEANDA  #072741","SUPPL-13","LOPERAMIDE HYDROCHLORIDE","MYLAN","Labeling","Approval"
"11/03/2016","LOPERAMIDE HYDROCHLORIDEANDA  #072993","SUPPL-13","LOPERAMIDE HYDROCHLORIDE","YAOPHARMA CO LTD","Labeling","Approval"
"11/03/2016","LOPERAMIDE HYDROCHLORIDEANDA  #073192","SUPPL-28","LOPERAMIDE HYDROCHLORIDE","TEVA","Labeling","Approval"
"11/03/2016","MORPHINE SULFATEANDA  #076412","SUPPL-24","MORPHINE SULFATE","SPECGX LLC","Labeling","Approval"
"11/03/2016","MORPHINE SULFATEANDA  #076438","SUPPL-21","MORPHINE SULFATE","SPECGX LLC","Labeling","Approval"
"11/03/2016","OLMESARTAN MEDOXOMIL, AMLODIPINE AND HYDROCHLOROTHIAZIDEANDA  #202491","ORIG-1","AMLODIPINE BESYLATE; HYDROCHLOROTHIAZIDE; OLMESARTAN MEDOXOMIL","TEVA PHARMS USA","","Approval"
"11/03/2016","FYCOMPANDA   #202834","SUPPL-11","PERAMPANEL","EISAI INC","Labeling","Approval"
"11/03/2016","OSPHENANDA   #203505","SUPPL-11","OSPEMIFENE","DUCHESNAY","Manufacturing (CMC)","Approval"
"11/03/2016","IBUPROFENANDA  #205647","ORIG-1","IBUPROFEN","AKORN","","Approval"
"11/04/2016","SUPRANENDA   #020118","SUPPL-21","DESFLURANE","BAXTER HLTHCARE","Labeling","Approval"
"11/04/2016","CEREBYXNDA   #020450","SUPPL-33","FOSPHENYTOIN SODIUM","PARKE DAVIS","Labeling","Approval"
"11/04/2016","CLARITIN HIVES RELIEF REDITABNDA   #020704","SUPPL-29","LORATADINE","BAYER HEALTHCARE LLC","Labeling","Approval"
"11/04/2016","CLARITIN REDITABSNDA   #020704","SUPPL-29","LORATADINE","BAYER HEALTHCARE LLC","Labeling","Approval"
"11/04/2016","AVAGARDNDA   #021074","SUPPL-11","ALCOHOL; CHLORHEXIDINE GLUCONATE","3M","Labeling","Approval"
"11/04/2016","TEKTURNANDA   #021985","SUPPL-31","ALISKIREN HEMIFUMARATE","NODEN PHARMA","Labeling","Approval"
"11/04/2016","TEKTURNA HCTNDA   #022107","SUPPL-29","ALISKIREN HEMIFUMARATE; HYDROCHLOROTHIAZIDE","NODEN PHARMA","Labeling","Approval"
"11/04/2016","SELZENTRYNDA   #022128","SUPPL-17","MARAVIROC","VIIV HLTHCARE","Efficacy","Approval"
"11/04/2016","TEKAMLONDA   #022545","SUPPL-20","ALISKIREN HEMIFUMARATE; AMLODIPINE BESYLATE","NOVARTIS","Labeling","Approval"
"11/04/2016","ENBRELBLA   #103795","SUPPL-5552","ETANERCEPT","IMMUNEX","","Approval"
"11/04/2016","AMTURNIDENDA   #200045","SUPPL-20","ALISKIREN HEMIFUMARATE; AMLODIPINE BESYLATE; HYDROCHLOROTHIAZIDE","NOVARTIS","Labeling","Approval"
"11/04/2016","FENTANYL-100ANDA  #202097","ORIG-1","FENTANYL","KINDEVA","","Approval"
"11/04/2016","FENTANYL-12ANDA  #202097","ORIG-1","FENTANYL","KINDEVA","","Approval"
"11/04/2016","FENTANYL-25ANDA  #202097","ORIG-1","FENTANYL","KINDEVA","","Approval"
"11/04/2016","FENTANYL-50ANDA  #202097","ORIG-1","FENTANYL","KINDEVA","","Approval"
"11/04/2016","FENTANYL-75ANDA  #202097","ORIG-1","FENTANYL","KINDEVA","","Approval"
"11/04/2016","TRI-LO-MILIANDA  #205762","ORIG-1","ETHINYL ESTRADIOL; NORGESTIMATE","AUROBINDO PHARMA LTD","","Approval"
"11/04/2016","ALECENSANDA   #208434","SUPPL-1","ALECTINIB HYDROCHLORIDE","HOFFMANN-LA ROCHE","Labeling","Approval"
"11/04/2016","SELZENTRYNDA   #208984","ORIG-1","MARAVIROC","VIIV HLTHCARE","Type 3 - New Dosage Form","Approval"
"11/07/2016","CLEOCINANDA  #062644","SUPPL-19","CLINDAMYCIN PALMITATE HYDROCHLORIDE","PFIZER","Labeling","Approval"
"11/07/2016","CLEOCINANDA  #062644","SUPPL-24","CLINDAMYCIN PALMITATE HYDROCHLORIDE","PFIZER","Labeling","Approval"
"11/07/2016","CLEOCINANDA  #062644","SUPPL-25","CLINDAMYCIN PALMITATE HYDROCHLORIDE","PFIZER","Labeling","Approval"
"11/07/2016","OMEPRAZOLE AND SODIUM BICARBONATEANDA  #204923","ORIG-1","OMEPRAZOLE; SODIUM BICARBONATE","AUROLIFE PHARMA LLC","","Approval"
"11/07/2016","DESOXIMETASONEANDA  #204965","ORIG-1","DESOXIMETASONE","ACTAVIS MID ATLANTIC","","Approval"
"11/07/2016","METHYLPHENIDATE HYDROCHLORIDEANDA  #205756","ORIG-1","METHYLPHENIDATE HYDROCHLORIDE","RISING","","Approval"
"11/07/2016","BONJESTANDA   #209661","ORIG-1","DOXYLAMINE SUCCINATE; PYRIDOXINE HYDROCHLORIDE","DUCHESNAY","Type 5 - New Formulation or New Manufacturer","Approval"
"11/08/2016","VISTARILNDA   #011459","SUPPL-51","HYDROXYZINE PAMOATE","PFIZER","Labeling","Approval"
"11/08/2016","VISTARILNDA   #011795","SUPPL-28","HYDROXYZINE PAMOATE","PFIZER","Labeling","Approval"
"11/08/2016","XYZALNDA   #022064","SUPPL-32","LEVOCETIRIZINE DIHYDROCHLORIDE","SANOFI","Labeling","Approval"
"11/08/2016","XYZALNDA   #022157","SUPPL-15","LEVOCETIRIZINE DIHYDROCHLORIDE","SANOFI","Labeling","Approval"
"11/08/2016","HYDROXYZINE HYDROCHLORIDEANDA  #040010","SUPPL-12","HYDROXYZINE HYDROCHLORIDE","AKORN","Labeling","Approval"
"11/08/2016","HYDROXYZINE HYDROCHLORIDEANDA  #040391","SUPPL-9","HYDROXYZINE HYDROCHLORIDE","VINTAGE PHARMS","Labeling","Approval"
"11/08/2016","HYDROXYZINE HYDROCHLORIDEANDA  #040580","SUPPL-14","HYDROXYZINE HYDROCHLORIDE","PRINSTON INC","Labeling","Approval"
"11/08/2016","HYDROXYZINE HYDROCHLORIDEANDA  #040604","SUPPL-8","HYDROXYZINE HYDROCHLORIDE","EPIC PHARMA LLC","Labeling","Approval"
"11/08/2016","HYDROXYZINE HYDROCHLORIDEANDA  #040786","SUPPL-13","HYDROXYZINE HYDROCHLORIDE","KVK TECH","Labeling","Approval"
"11/08/2016","CARISOPRODOLANDA  #040792","SUPPL-6","CARISOPRODOL","AUROBINDO PHARMA","Manufacturing (CMC)","Approval"
"11/08/2016","HYDROXYZINE HYDROCHLORIDEANDA  #040804","SUPPL-5","HYDROXYZINE HYDROCHLORIDE","BIOPHARM","Labeling","Approval"
"11/08/2016","HYDROXYZINE HYDROCHLORIDEANDA  #040808","SUPPL-7","HYDROXYZINE HYDROCHLORIDE","AMNEAL PHARM","Labeling","Approval"
"11/08/2016","HYDROXYZINE HYDROCHLORIDEANDA  #040812","SUPPL-7","HYDROXYZINE HYDROCHLORIDE","INVAGEN PHARMS","Labeling","Approval"
"11/08/2016","HYDROXYZINE HYDROCHLORIDEANDA  #040840","SUPPL-11","HYDROXYZINE HYDROCHLORIDE","NORTHSTAR HLTHCARE","Labeling","Approval"
"11/08/2016","HYDROXYZINE HYDROCHLORIDEANDA  #040899","SUPPL-5","HYDROXYZINE HYDROCHLORIDE","SUN PHARM INDS INC","Labeling","Approval"
"11/08/2016","LINCOCINNDA   #050317","SUPPL-179","LINCOMYCIN HYDROCHLORIDE","PFIZER","Labeling","Approval"
"11/08/2016","LINCOCINNDA   #050317","SUPPL-180","LINCOMYCIN HYDROCHLORIDE","PFIZER","Labeling","Approval"
"11/08/2016","AZITHROMYCINANDA  #065218","SUPPL-15","AZITHROMYCIN","PLIVA","Labeling","Approval"
"11/08/2016","FLUPHENAZINE DECANOATEANDA  #071413","SUPPL-24","FLUPHENAZINE DECANOATE","FRESENIUS KABI USA","Labeling","Approval"
"11/08/2016","CARBAMAZEPINEANDA  #074649","SUPPL-27","CARBAMAZEPINE","TARO","Labeling","Approval"
"11/08/2016","CARBAMAZEPINEANDA  #074649","SUPPL-29","CARBAMAZEPINE","TARO","Labeling","Approval"
"11/08/2016","CARBAMAZEPINEANDA  #075687","SUPPL-22","CARBAMAZEPINE","TARO PHARM INDS","Labeling","Approval"
"11/08/2016","CARBAMAZEPINEANDA  #075687","SUPPL-23","CARBAMAZEPINE","TARO PHARM INDS","Labeling","Approval"
"11/08/2016","DEFEROXAMINE MESYLATEANDA  #076019","SUPPL-14","DEFEROXAMINE MESYLATE","HOSPIRA","Labeling","Approval"
"11/08/2016","CETIRIZINE HYDROCHLORIDEANDA  #076601","SUPPL-4","CETIRIZINE HYDROCHLORIDE","TARO","Labeling","Approval"
"11/08/2016","TERILANDA  #076729","SUPPL-11","CARBAMAZEPINE","TARO","Labeling","Approval"
"11/08/2016","TERILANDA  #076729","SUPPL-13","CARBAMAZEPINE","TARO","Labeling","Approval"
"11/08/2016","CITALOPRAM HYDROBROMIDEANDA  #077044","SUPPL-6","CITALOPRAM HYDROBROMIDE","CHARTWELL MOLECULAR","Labeling","Approval"
"11/08/2016","CETIRIZINE HYDROCHLORIDEANDA  #077279","SUPPL-4","CETIRIZINE HYDROCHLORIDE","TEVA PHARMS","Labeling","Approval"
"11/08/2016","GABAPENTINANDA  #077662","SUPPL-15","GABAPENTIN","GLENMARK PHARMS LTD","Labeling","Approval"
"11/08/2016","GABAPENTINANDA  #077662","SUPPL-17","GABAPENTIN","GLENMARK PHARMS LTD","Labeling","Approval"
"11/08/2016","GABAPENTINANDA  #077662","SUPPL-19","GABAPENTIN","GLENMARK PHARMS LTD","Labeling","Approval"
"11/08/2016","DILTIAZEM HYDROCHLORIDEANDA  #077686","SUPPL-10","DILTIAZEM HYDROCHLORIDE","ACTAVIS LABS FL INC","Labeling","Approval"
"11/08/2016","PRAVASTATIN SODIUMANDA  #077751","SUPPL-13","PRAVASTATIN SODIUM","ZYDUS PHARMS USA","Labeling","Approval"
"11/08/2016","CARBAMAZEPINEANDA  #078115","SUPPL-12","CARBAMAZEPINE","TARO","Labeling","Approval"
"11/08/2016","CARBAMAZEPINEANDA  #078115","SUPPL-15","CARBAMAZEPINE","TARO","Labeling","Approval"
"11/08/2016","CETIRIZINE HYDROCHLORIDEANDA  #078398","SUPPL-6","CETIRIZINE HYDROCHLORIDE","PADAGIS US","Labeling","Approval"
"11/08/2016","CETIRIZINE HYDROCHLORIDEANDA  #078412","SUPPL-1","CETIRIZINE HYDROCHLORIDE","PHARM ASSOC","Labeling","Approval"
"11/08/2016","GABAPENTINANDA  #078428","SUPPL-24","GABAPENTIN","AMNEAL PHARMS NY","Labeling","Approval"
"11/08/2016","GABAPENTINANDA  #078428","SUPPL-25","GABAPENTIN","AMNEAL PHARMS NY","Labeling","Approval"
"11/08/2016","GABAPENTINANDA  #078428","SUPPL-26","GABAPENTIN","AMNEAL PHARMS NY","Labeling","Approval"
"11/08/2016","GABAPENTINANDA  #078428","SUPPL-27","GABAPENTIN","AMNEAL PHARMS NY","Labeling","Approval"
"11/08/2016","GABAPENTINANDA  #078428","SUPPL-28","GABAPENTIN","AMNEAL PHARMS NY","Labeling","Approval"
"11/08/2016","GABAPENTINANDA  #078428","SUPPL-29","GABAPENTIN","AMNEAL PHARMS NY","Labeling","Approval"
"11/08/2016","GABAPENTINANDA  #078428","SUPPL-31","GABAPENTIN","AMNEAL PHARMS NY","Labeling","Approval"
"11/08/2016","CETIRIZINE HYDROCHLORIDEANDA  #078488","SUPPL-5","CETIRIZINE HYDROCHLORIDE","BRECKENRIDGE","Labeling","Approval"
"11/08/2016","CETIRIZINE HYDROCHLORIDEANDA  #078496","SUPPL-5","CETIRIZINE HYDROCHLORIDE","LANNETT CO INC","Labeling","Approval"
"11/08/2016","CETIRIZINE HYDROCHLORIDEANDA  #078617","SUPPL-1","CETIRIZINE HYDROCHLORIDE","ACTAVIS MID ATLANTIC","Labeling","Approval"
"11/08/2016","CETIRIZINE HYDROCHLORIDEANDA  #078757","SUPPL-1","CETIRIZINE HYDROCHLORIDE","WOCKHARDT","Labeling","Approval"
"11/08/2016","CETIRIZINE HYDROCHLORIDEANDA  #078870","SUPPL-4","CETIRIZINE HYDROCHLORIDE","TORRENT","Labeling","Approval"
"11/08/2016","CETIRIZINE HYDROCHLORIDEANDA  #078876","SUPPL-4","CETIRIZINE HYDROCHLORIDE","LANNETT CO INC","Labeling","Approval"
"11/08/2016","HYDROXYZINE HYDROCHLORIDEANDA  #081149","SUPPL-13","HYDROXYZINE HYDROCHLORIDE","WATSON LABS","Labeling","Approval"
"11/08/2016","HYDROXYZINE HYDROCHLORIDEANDA  #081150","SUPPL-13","HYDROXYZINE HYDROCHLORIDE","WATSON LABS","Labeling","Approval"
"11/08/2016","HYDROXYZINE HYDROCHLORIDEANDA  #081151","SUPPL-15","HYDROXYZINE HYDROCHLORIDE","WATSON LABS","Labeling","Approval"
"11/08/2016","HYDROXYZINE HYDROCHLORIDEANDA  #085778","SUPPL-54","HYDROXYZINE HYDROCHLORIDE","WATSON LABS","Labeling","Approval"
"11/08/2016","HYDROXYZINE HYDROCHLORIDEANDA  #085779","SUPPL-96","HYDROXYZINE HYDROCHLORIDE","DR REDDYS","Labeling","Approval"
"11/08/2016","HYDROXYZINE HYDROCHLORIDEANDA  #086880","SUPPL-41","HYDROXYZINE HYDROCHLORIDE","ANIMA","Labeling","Approval"
"11/08/2016","HYDROXYZINE HYDROCHLORIDEANDA  #087294","SUPPL-28","HYDROXYZINE HYDROCHLORIDE","WOCKHARDT BIO AG","Labeling","Approval"
"11/08/2016","HYDROXYZINE HYDROCHLORIDEANDA  #087329","SUPPL-22","HYDROXYZINE HYDROCHLORIDE","FRESENIUS KABI USA","Labeling","Approval"
"11/08/2016","HYDROXYZINE HYDROCHLORIDEANDA  #087408","SUPPL-26","HYDROXYZINE HYDROCHLORIDE","AM REGENT","Labeling","Approval"
"11/08/2016","HYDROXYZINE HYDROCHLORIDEANDA  #087602","SUPPL-33","HYDROXYZINE HYDROCHLORIDE","STRIDES PHARMA","Labeling","Approval"
"11/08/2016","HYDROXYZINE HYDROCHLORIDEANDA  #087603","SUPPL-31","HYDROXYZINE HYDROCHLORIDE","STRIDES PHARMA","Labeling","Approval"
"11/08/2016","HYDROXYZINE HYDROCHLORIDEANDA  #087604","SUPPL-31","HYDROXYZINE HYDROCHLORIDE","STRIDES PHARMA","Labeling","Approval"
"11/08/2016","HYDROXYZINE HYDROCHLORIDEANDA  #087862","SUPPL-17","HYDROXYZINE HYDROCHLORIDE","SUN PHARM INDUSTRIES","Labeling","Approval"
"11/08/2016","HYDROXYZINE HYDROCHLORIDEANDA  #087871","SUPPL-28","HYDROXYZINE HYDROCHLORIDE","AUROBINDO PHARMA LTD","Labeling","Approval"
"11/08/2016","HYDROXYZINE HYDROCHLORIDEANDA  #088348","SUPPL-51","HYDROXYZINE HYDROCHLORIDE","WATSON LABS","Labeling","Approval"
"11/08/2016","HYDROXYZINE HYDROCHLORIDEANDA  #088349","SUPPL-49","HYDROXYZINE HYDROCHLORIDE","WATSON LABS","Labeling","Approval"
"11/08/2016","HYDROXYZINE HYDROCHLORIDEANDA  #088350","SUPPL-47","HYDROXYZINE HYDROCHLORIDE","WATSON LABS","Labeling","Approval"
"11/08/2016","HYDROXYZINE HYDROCHLORIDEANDA  #088617","SUPPL-47","HYDROXYZINE HYDROCHLORIDE","PLIVA","Labeling","Approval"
"11/08/2016","HYDROXYZINE HYDROCHLORIDEANDA  #088618","SUPPL-47","HYDROXYZINE HYDROCHLORIDE","PLIVA","Labeling","Approval"
"11/08/2016","HYDROXYZINE HYDROCHLORIDEANDA  #088619","SUPPL-48","HYDROXYZINE HYDROCHLORIDE","PLIVA","Labeling","Approval"
"11/08/2016","HYDROXYZINE HYDROCHLORIDEANDA  #089381","SUPPL-35","HYDROXYZINE HYDROCHLORIDE","SUN PHARM INDUSTRIES","Labeling","Approval"
"11/08/2016","HYDROXYZINE HYDROCHLORIDEANDA  #089382","SUPPL-34","HYDROXYZINE HYDROCHLORIDE","SUN PHARM INDUSTRIES","Labeling","Approval"
"11/08/2016","HYDROXYZINE HYDROCHLORIDEANDA  #089383","SUPPL-33","HYDROXYZINE HYDROCHLORIDE","SUN PHARM INDUSTRIES","Labeling","Approval"
"11/08/2016","CETIRIZINE HYDROCHLORIDEANDA  #090191","SUPPL-4","CETIRIZINE HYDROCHLORIDE","MICRO LABS","Labeling","Approval"
"11/08/2016","CETIRIZINE HYDROCHLORIDEANDA  #090751","SUPPL-3","CETIRIZINE HYDROCHLORIDE","AUROBINDO PHARMA LTD","Labeling","Approval"
"11/08/2016","CETIRIZINE HYDROCHLORIDEANDA  #090766","SUPPL-2","CETIRIZINE HYDROCHLORIDE","AMNEAL PHARMS","Labeling","Approval"
"11/08/2016","GRANISETRON HYDROCHLORIDEANDA  #091136","SUPPL-9","GRANISETRON HYDROCHLORIDE","MYLAN ASI","Labeling","Approval"
"11/08/2016","GRANISETRON HYDROCHLORIDEANDA  #091137","SUPPL-10","GRANISETRON HYDROCHLORIDE","MYLAN ASI","Labeling","Approval"
"11/08/2016","HYDROXYZINE HYDROCHLORIDEANDA  #091176","SUPPL-7","HYDROXYZINE HYDROCHLORIDE","MYLAN","Labeling","Approval"
"11/08/2016","DONEPEZIL HYDROCHLORIDEANDA  #201146","SUPPL-8","DONEPEZIL HYDROCHLORIDE","MACLEODS PHARMS LTD","Labeling","Approval"
"11/08/2016","HYDROXYZINE HYDROCHLORIDEANDA  #201674","SUPPL-4","HYDROXYZINE HYDROCHLORIDE","LANNETT CO INC","Labeling","Approval"
"11/08/2016","DONEPEZIL HYDROCHLORIDEANDA  #201787","SUPPL-3","DONEPEZIL HYDROCHLORIDE","MACLEODS PHARMS LTD","Labeling","Approval"
"11/08/2016","DONEPEZIL HYDROCHLORIDEANDA  #202631","SUPPL-6","DONEPEZIL HYDROCHLORIDE","MACLEODS PHARMS LTD","Labeling","Approval"
"11/08/2016","AZELASTINE HYDROCHLORIDEANDA  #203660","ORIG-1","AZELASTINE HYDROCHLORIDE","AKORN","","Approval"
"11/08/2016","HYDROXYZINE HYDROCHLORIDEANDA  #204279","SUPPL-3","HYDROXYZINE HYDROCHLORIDE","HERITAGE PHARMA","Labeling","Approval"
"11/08/2016","TIVICAYNDA   #204790","SUPPL-11","DOLUTEGRAVIR SODIUM","VIIV HLTHCARE","Manufacturing (CMC)","Approval"
"11/09/2016","ZOFRANNDA   #020103","SUPPL-35","ONDANSETRON HYDROCHLORIDE","NOVARTIS","Labeling","Approval"
"11/09/2016","ETOPOPHOS PRESERVATIVE FREENDA   #020457","SUPPL-15","ETOPOSIDE PHOSPHATE","CHEPLAPHARM","Labeling","Approval"
"11/09/2016","PROVENTIL-HFANDA   #020503","SUPPL-53","ALBUTEROL SULFATE","KINDEVA","Manufacturing (CMC)","Approval"
"11/09/2016","ZOFRANNDA   #020605","SUPPL-19","ONDANSETRON HYDROCHLORIDE","NOVARTIS","Labeling","Approval"
"11/09/2016","ZOFRAN ODTNDA   #020781","SUPPL-19","ONDANSETRON","NOVARTIS","Labeling","Approval"
"11/09/2016","ANTARA (MICRONIZED)NDA   #021695","SUPPL-13","FENOFIBRATE","LUPIN","Manufacturing (CMC)","Approval"
"11/09/2016","VERDESONDA   #021978","SUPPL-12","DESONIDE","ALMIRALL","Manufacturing (CMC)","Approval"
"11/09/2016","LAMIVUDINE AND ZIDOVUDINEANDA  #077411","SUPPL-26","LAMIVUDINE; ZIDOVUDINE","CIPLA","Labeling","Tentative Approval"
"11/09/2016","LAMIVUDINE AND ZIDOVUDINEANDA  #077411","SUPPL-27","LAMIVUDINE; ZIDOVUDINE","CIPLA","Labeling","Tentative Approval"
"11/09/2016","FOSPHENYTOIN SODIUMANDA  #078736","SUPPL-4","FOSPHENYTOIN SODIUM","MYLAN LABS LTD","Labeling","Approval"
"11/09/2016","PERINDOPRIL ERBUMINEANDA  #090072","SUPPL-8","PERINDOPRIL ERBUMINE","HIKMA","Labeling","Approval"
"11/09/2016","SUBSYSNDA   #202788","SUPPL-17","FENTANYL","BTCP PHARMA","Manufacturing (CMC)","Approval"
"11/09/2016","PHENTERMINE HYDROCHLORIDEANDA  #204318","ORIG-1","PHENTERMINE HYDROCHLORIDE","AUROLIFE PHARMA LLC","","Approval"
"11/09/2016","AURYXIANDA   #205874","SUPPL-10","FERRIC CITRATE","KERYX BIOPHARMS","Manufacturing (CMC)","Approval"
"11/09/2016","ACETAMINOPHENANDA  #207229","ORIG-1","ACETAMINOPHEN","AUROBINDO PHARMA LTD","","Approval"
"11/09/2016","METHYLPREDNISOLONE SODIUM SUCCINATEANDA  #207549","ORIG-1","METHYLPREDNISOLONE SODIUM SUCCINATE","AMNEAL","","Approval"
"11/10/2016","NAFTINNDA   #019599","SUPPL-13","NAFTIFINE HYDROCHLORIDE","SEBELA IRELAND LTD","Efficacy","Approval"
"11/10/2016","FOSCAVIRNDA   #020068","SUPPL-22","FOSCARNET SODIUM","CLINIGEN HLTHCARE","Labeling","Approval"
"11/10/2016","OPDIVOBLA   #125554","SUPPL-22","NIVOLUMAB","BRISTOL MYERS SQUIBB","","Approval"
"11/10/2016","DONEPEZIL HYDROCHLORIDEANDA  #204831","ORIG-1","DONEPEZIL HYDROCHLORIDE","UNICHEM","","Approval"
"11/10/2016","NORETHINDRONE ACETATEANDA  #205278","ORIG-1","NORETHINDRONE ACETATE","MYLAN LABS LTD","","Approval"
"11/10/2016","MEMANTINE HYDROCHLORIDEANDA  #207236","ORIG-1","MEMANTINE HYDROCHLORIDE","LANNETT CO INC","","Approval"
"11/10/2016","VEMLIDYNDA   #208464","ORIG-1","TENOFOVIR ALAFENAMIDE FUMARATE","GILEAD SCIENCES INC","Type 5 - New Formulation or New Manufacturer","Approval"
"11/12/2016","AZITHROMYCINANDA  #065211","SUPPL-29","AZITHROMYCIN","SANDOZ","Labeling","Approval"
"11/12/2016","AZITHROMYCINANDA  #065212","SUPPL-27","AZITHROMYCIN","SANDOZ","Labeling","Approval"
"11/12/2016","DIGOXINANDA  #077002","SUPPL-9","DIGOXIN","HIKMA INTL PHARMS","Labeling","Approval"
"11/12/2016","DIGOXINANDA  #077002","SUPPL-11","DIGOXIN","HIKMA INTL PHARMS","Labeling","Approval"
"11/12/2016","DIGOXINANDA  #077002","SUPPL-12","DIGOXIN","HIKMA INTL PHARMS","Labeling","Approval"
"11/13/2016","ANAGRELIDE HYDROCHLORIDEANDA  #076811","SUPPL-8","ANAGRELIDE HYDROCHLORIDE","MYLAN","Labeling","Approval"
"11/13/2016","MINOXIDILANDA  #091344","SUPPL-14","MINOXIDIL","PERRIGO","Labeling","Approval"
"11/14/2016","TOPOTECAN HYDROCHLORIDENDA   #022453","SUPPL-9","TOPOTECAN HYDROCHLORIDE","TEVA PHARMS USA","Manufacturing (CMC)","Approval"
"11/14/2016","WARFARIN SODIUMANDA  #040301","SUPPL-33","WARFARIN SODIUM","TARO","Manufacturing (CMC)","Approval"
"11/14/2016","ZANOSARNDA   #050577","SUPPL-42","STREPTOZOCIN","TEVA PHARMS USA","Manufacturing (CMC)","Approval"
"11/14/2016","PRAVASTATIN SODIUMANDA  #077904","SUPPL-3","PRAVASTATIN SODIUM","CIPLA","Labeling","Approval"
"11/14/2016","KETOROLAC TROMETHAMINEANDA  #078399","SUPPL-3","KETOROLAC TROMETHAMINE","AKORN","Labeling","Approval"
"11/14/2016","FOSPHENYTOIN SODIUMANDA  #090099","SUPPL-3","FOSPHENYTOIN SODIUM","AM REGENT","Labeling","Approval"
"11/14/2016","SIMVASTATINANDA  #090383","SUPPL-7","SIMVASTATIN","MICRO LABS","Labeling","Approval"
"11/14/2016","SIMVASTATINANDA  #090383","SUPPL-8","SIMVASTATIN","MICRO LABS","Labeling","Approval"
"11/14/2016","SIMVASTATINANDA  #090868","SUPPL-5","SIMVASTATIN","MYLAN PHARMS INC","Labeling","Approval"
"11/14/2016","DOXERCALCIFEROLANDA  #091333","SUPPL-1","DOXERCALCIFEROL","SANDOZ INC","Labeling","Approval"
"11/14/2016","RANITIDINE HYDROCHLORIDEANDA  #200172","SUPPL-5","RANITIDINE HYDROCHLORIDE","APOTEX INC","Labeling","Approval"
"11/14/2016","FLUOROURACILANDA  #203609","SUPPL-2","FLUOROURACIL","SAGENT PHARMS INC","Labeling","Approval"
"11/14/2016","SODIUM SULFATE; POTASSIUM SULFATE; MAGNESIUM SULFATEANDA  #204135","ORIG-1","SODIUM SULFATE;POTASSIUM SULFATE;MAGNESIUM SULFATE","BRECKENRIDGE PHARMS","","Tentative Approval"
"11/14/2016","HYDROCODONE BITARTRATE AND ACETAMINOPHENANDA  #206142","ORIG-1","ACETAMINOPHEN; HYDROCODONE BITARTRATE","NOVEL LABS INC","","Approval"
"11/14/2016","MORPHINE SULFATEANDA  #206573","ORIG-1","MORPHINE SULFATE","PHARM ASSOC","","Approval"
"11/14/2016","AFIRMELLEANDA  #206886","ORIG-1","ETHINYL ESTRADIOL; LEVONORGESTREL","AUROBINDO PHARMA LTD","","Approval"
"11/15/2016","HEPARIN SODIUMNDA   #017651","SUPPL-62","HEPARIN SODIUM","FRESENIUS KABI USA","Manufacturing (CMC)","Approval"
"11/15/2016","TECHNELITENDA   #017771","SUPPL-40","TECHNETIUM TC-99M SODIUM PERTECHNETATE GENERATOR","LANTHEUS MEDCL","Manufacturing (CMC)","Approval"
"11/15/2016","GONAL-FBLA   #020378","SUPPL-72","FOLLITROPIN ALFA/BETA","EMD SERONO","","Approval"
"11/15/2016","LAMISILNDA   #020539","SUPPL-28","TERBINAFINE HYDROCHLORIDE","NOVARTIS","Manufacturing (CMC)","Approval"
"11/15/2016","COPAXONENDA   #020622","SUPPL-98","GLATIRAMER ACETATE","TEVA PHARMS USA","Manufacturing (CMC)","Approval"
"11/15/2016","FROVANDA   #021006","SUPPL-21","FROVATRIPTAN SUCCINATE","ENDO PHARMS","Manufacturing (CMC)","Approval"
"11/15/2016","FOLLISTIM AQBLA   #021211","SUPPL-18","FOLLITROPIN ALFA/BETA","ORGANON USA INC","","Approval"
"11/15/2016","ZOMETANDA   #021223","SUPPL-36","ZOLEDRONIC ACID","NOVARTIS","Manufacturing (CMC)","Approval"
"11/15/2016","FERAHEMENDA   #022180","SUPPL-17","FERUMOXYTOL","COVIS","Manufacturing (CMC)","Approval"
"11/15/2016","DESVENLAFAXINE SUCCINATEANDA  #204082","SUPPL-2","DESVENLAFAXINE SUCCINATE","HIKMA","Labeling","Approval"
"11/15/2016","BUTALBITAL AND ACETAMINOPHENANDA  #207386","ORIG-1","ACETAMINOPHEN; BUTALBITAL","MIKART","","Approval"
"11/15/2016","DOXYCYCLINE HYCLATEANDA  #207494","ORIG-1","DOXYCYCLINE HYCLATE","PRINSTON INC","","Approval"
"11/16/2016","OCUFLOXNDA   #019921","SUPPL-21","OFLOXACIN","ALLERGAN","Labeling","Approval"
"11/16/2016","INVEGA SUSTENNANDA   #022264","SUPPL-21","PALIPERIDONE PALMITATE","JANSSEN PHARMS","Manufacturing (CMC)","Approval"
"11/16/2016","LOSARTAN POTASSIUMANDA  #078232","SUPPL-26","LOSARTAN POTASSIUM","LUPIN LTD","Manufacturing (CMC)","Approval"
"11/16/2016","KINERETBLA   #103950","SUPPL-5177","ANAKINRA","BIOVITRUM AB","","Approval"
"11/16/2016","ONZETRA XSAILNDA   #206099","SUPPL-1","SUMATRIPTAN SUCCINATE","CURRAX","Manufacturing (CMC)","Approval"
"11/16/2016","METRONIDAZOLEANDA  #206560","ORIG-1","METRONIDAZOLE","CADILA","","Approval"
"11/16/2016","INTRAROSANDA   #208470","ORIG-1","PRASTERONE","MILLICENT","Type 2 New Active Ingredient and Type 4 New Combination","Approval"
"11/17/2016","POTASSIUM CHLORIDE 0.15% IN SODIUM CHLORIDE 0.45%NDA   #017648","SUPPL-70","POTASSIUM CHLORIDE; SODIUM CHLORIDE","BAXTER HLTHCARE","Manufacturing (CMC)","Approval"
"11/17/2016","POTASSIUM CHLORIDE 0.15% IN SODIUM CHLORIDE 0.9%NDA   #017648","SUPPL-70","POTASSIUM CHLORIDE; SODIUM CHLORIDE","BAXTER HLTHCARE","Manufacturing (CMC)","Approval"
"11/17/2016","POTASSIUM CHLORIDE 0.224% IN SODIUM CHLORIDE 0.9%NDA   #017648","SUPPL-70","POTASSIUM CHLORIDE; SODIUM CHLORIDE","BAXTER HLTHCARE","Manufacturing (CMC)","Approval"
"11/17/2016","POTASSIUM CHLORIDE 0.3% AND SODIUM CHLORIDE 0.9%NDA   #017648","SUPPL-70","POTASSIUM CHLORIDE; SODIUM CHLORIDE","BAXTER HLTHCARE","Manufacturing (CMC)","Approval"
"11/17/2016","SODIUM CHLORIDE 0.9% AND POTASSIUM CHLORIDE 0.075%NDA   #017648","SUPPL-70","POTASSIUM CHLORIDE; SODIUM CHLORIDE","BAXTER HLTHCARE","Manufacturing (CMC)","Approval"
"11/17/2016","HEPARIN SODIUM 20,000 UNITS IN DEXTROSE 5% IN PLASTIC CONTAINERNDA   #019952","SUPPL-34","HEPARIN SODIUM","B BRAUN","Manufacturing (CMC)","Approval"
"11/17/2016","HEPARIN SODIUM 25,000 UNITS IN DEXTROSE 5% IN PLASTIC CONTAINERNDA   #019952","SUPPL-34","HEPARIN SODIUM","B BRAUN","Manufacturing (CMC)","Approval"
"11/17/2016","EDEXNDA   #020649","SUPPL-24","ALPROSTADIL","AUXILIUM PHARMS LLC","Manufacturing (CMC)","Approval"
"11/17/2016","ULTRAVIST (PHARMACY BULK)NDA   #021425","SUPPL-25","IOPROMIDE","BAYER HLTHCARE","Manufacturing (CMC)","Approval"
"11/17/2016","TETRACYCLINE HYDROCHLORIDEANDA  #062752","SUPPL-2","TETRACYCLINE HYDROCHLORIDE","CHARTWELL TETRA","Manufacturing (CMC)","Approval"
"11/17/2016","GEMCITABINE HYDROCHLORIDEANDA  #079183","SUPPL-4","GEMCITABINE HYDROCHLORIDE","HOSPIRA INC","Labeling","Approval"
"11/17/2016","GEMCITABINE HYDROCHLORIDEANDA  #079183","SUPPL-5","GEMCITABINE HYDROCHLORIDE","HOSPIRA INC","Labeling","Approval"
"11/17/2016","DONEPEZIL HYDROCHLORIDEANDA  #091198","SUPPL-6","DONEPEZIL HYDROCHLORIDE","SANDOZ","Labeling","Approval"
"11/17/2016","DONEPEZIL HYDROCHLORIDEANDA  #091198","SUPPL-8","DONEPEZIL HYDROCHLORIDE","SANDOZ","Labeling","Approval"
"11/17/2016","DONEPEZIL HYDROCHLORIDEANDA  #201001","SUPPL-4","DONEPEZIL HYDROCHLORIDE","DR REDDYS LABS LTD","Labeling","Approval"
"11/17/2016","DONEPEZIL HYDROCHLORIDEANDA  #201001","SUPPL-5","DONEPEZIL HYDROCHLORIDE","DR REDDYS LABS LTD","Labeling","Approval"
"11/17/2016","KYPROLISNDA   #202714","SUPPL-15","CARFILZOMIB","ONYX THERAP","Labeling","Approval"
"11/17/2016","BOSULIFNDA   #203341","SUPPL-6","BOSUTINIB MONOHYDRATE","PF PRISM CV","Labeling","Approval"
"11/17/2016","DARIFENACIN HYDROBROMIDEANDA  #205209","ORIG-1","DARIFENACIN HYDROBROMIDE","TORRENT","","Approval"
"11/17/2016","TELMISARTAN AND AMLODIPINEANDA  #205234","ORIG-1","AMLODIPINE BESYLATE; TELMISARTAN","ALEMBIC PHARMS LTD","","Approval"
"11/17/2016","ZERBAXANDA   #206829","SUPPL-4","CEFTOLOZANE SULFATE; TAZOBACTAM SODIUM","CUBIST PHARMS LLC","Manufacturing (CMC)","Approval"
"11/17/2016","PRAVASTATIN SODIUMANDA  #207068","ORIG-1","PRAVASTATIN SODIUM","ACCORD HLTHCARE","","Approval"
"11/18/2016","CARDIZEMNDA   #018602","SUPPL-67","DILTIAZEM HYDROCHLORIDE","BAUSCH","Labeling","Approval"
"11/18/2016","VERAPAMIL HYDROCHLORIDENDA   #018925","SUPPL-10","VERAPAMIL HYDROCHLORIDE","EXELA PHARMA","Labeling","Approval"
"11/18/2016","VERELANNDA   #019614","SUPPL-53","VERAPAMIL HYDROCHLORIDE","RECRO GAINESVILLE","Labeling","Approval"
"11/18/2016","NOVOLIN RBLA   #019938","SUPPL-75","INSULIN RECOMBINANT HUMAN","NOVO NORDISK INC","","Approval"
"11/18/2016","CARDIZEM CDNDA   #020062","SUPPL-43","DILTIAZEM HYDROCHLORIDE","BAUSCH","Labeling","Approval"
"11/18/2016","TIAZACNDA   #020401","SUPPL-42","DILTIAZEM HYDROCHLORIDE","BAUSCH","Labeling","Approval"
"11/18/2016","COPAXONENDA   #020622","SUPPL-99","GLATIRAMER ACETATE","TEVA PHARMS USA","Manufacturing (CMC)","Approval"
"11/18/2016","VERELAN PMNDA   #020943","SUPPL-32","VERAPAMIL HYDROCHLORIDE","RECRO GAINESVILLE","Labeling","Approval"
"11/18/2016","CARDIZEM LANDA   #021392","SUPPL-20","DILTIAZEM HYDROCHLORIDE","BAUSCH","Labeling","Approval"
"11/18/2016","NUEDEXTANDA   #021879","SUPPL-7","DEXTROMETHORPHAN HYDROBROMIDE; QUINIDINE SULFATE","AVANIR PHARMS","Manufacturing (CMC)","Approval"
"11/18/2016","LIVALONDA   #022363","SUPPL-11","PITAVASTATIN CALCIUM","KOWA CO","Efficacy","Approval"
"11/18/2016","DEXFERRUMNDA   #040024","SUPPL-25","FERRIC OXYHYDROXIDE","AM REGENT","Manufacturing (CMC)","Approval"
"11/18/2016","FLURAZEPAM HYDROCHLORIDEANDA  #071107","SUPPL-28","FLURAZEPAM HYDROCHLORIDE","HIKMA INTL PHARMS","Labeling","Approval"
"11/18/2016","FLURAZEPAM HYDROCHLORIDEANDA  #071108","SUPPL-28","FLURAZEPAM HYDROCHLORIDE","HIKMA","Labeling","Approval"
"11/18/2016","ALPRAZOLAMANDA  #078561","SUPPL-13","ALPRAZOLAM","ACTAVIS ELIZABETH","Labeling","Approval"
"11/18/2016","LEVETIRACETAM IN SODIUM CHLORIDENDA   #202543","SUPPL-8","LEVETIRACETAM","HQ SPECIALITY PHARMA","Labeling","Approval"
"11/18/2016","LEVETIRACETAM IN SODIUM CHLORIDENDA   #202543","SUPPL-9","LEVETIRACETAM","HQ SPECIALITY PHARMA","Labeling","Approval"
"11/18/2016","FLUPHENAZINE DECANOATEANDA  #203732","SUPPL-3","FLUPHENAZINE DECANOATE","PAR STERILE PRODUCTS","Labeling","Approval"
"11/18/2016","HYDROXYZINE HYDROCHLORIDEANDA  #204279","SUPPL-4","HYDROXYZINE HYDROCHLORIDE","HERITAGE PHARMA","Labeling","Approval"
"11/18/2016","ADZENYS XR-ODTNDA   #204326","SUPPL-1","AMPHETAMINE","NEOS THERAPS","Labeling","Approval"
"11/18/2016","ZOLPIDEM TARTRATEANDA  #204503","ORIG-1","ZOLPIDEM TARTRATE","DR REDDYS","","Approval"
"11/18/2016","KITABIS PAKNDA   #205433","SUPPL-1","TOBRAMYCIN","PULMOFLOW INC","Manufacturing (CMC)","Approval"
"11/18/2016","PHENTERMINE HYDROCHLORIDEANDA  #206342","ORIG-1","PHENTERMINE HYDROCHLORIDE","MERRO PHARM USA","","Approval"
"11/18/2016","METHYLPHENIDATE HYDROCHLORIDEANDA  #207485","ORIG-1","METHYLPHENIDATE HYDROCHLORIDE","ABHAI LLC","","Approval"
"11/18/2016","LURASIDONE HYDROCHLORIDEANDA  #208045","ORIG-1","LURASIDONE HYDROCHLORIDE","AUROBINDO PHARMA LTD","","Tentative Approval"
"11/20/2016","PRAVASTATIN SODIUMANDA  #077793","SUPPL-7","PRAVASTATIN SODIUM","TEVA PHARMS","Labeling","Approval"
"11/21/2016","HALOPERIDOLANDA  #075858","SUPPL-19","HALOPERIDOL LACTATE","HIKMA","Manufacturing (CMC)","Approval"
"11/21/2016","LAMIVUDINEANDA  #077464","ORIG-1","LAMIVUDINE","AUROBINDO PHARMA LTD","","Approval"
"11/21/2016","LAMIVUDINEANDA  #077695","ORIG-1","LAMIVUDINE","AUROBINDO PHARMA LTD","","Approval"
"11/21/2016","HYDROMORPHONE HYDROCHLORIDENDA   #200403","SUPPL-7","HYDROMORPHONE HYDROCHLORIDE","HOSPIRA INC","Manufacturing (CMC)","Approval"
"11/21/2016","KYPROLISNDA   #202714","SUPPL-14","CARFILZOMIB","ONYX THERAP","Manufacturing (CMC)","Approval"
"11/21/2016","VIZAMYLNDA   #203137","SUPPL-6","FLUTEMETAMOL F-18","GE HEALTHCARE","Manufacturing (CMC)","Approval"
"11/21/2016","LAMIVUDINEANDA  #203586","ORIG-1","LAMIVUDINE","BRECKENRIDGE","","Approval"
"11/21/2016","TELMISARTAN AND HYDROCHLOROTHIAZIDEANDA  #204169","SUPPL-1","HYDROCHLOROTHIAZIDE; TELMISARTAN","MACLEODS PHARMS LTD","Labeling","Approval"
"11/21/2016","CITRIC ACID; MAGNESIUM OXIDE; SODIUM PICOSULFATEANDA  #205743","ORIG-1","CITRIC ACID; MAGNESIUM OXIDE; SODIUM PICOSULFATE","PAR PHARM INC","","Tentative Approval"
"11/21/2016","LAMIVUDINEANDA  #206974","ORIG-1","LAMIVUDINE","APPCO","","Approval"
"11/21/2016","XULTOPHY 100/3.6BLA   #208583","ORIG-1","INSULIN DEGLUDEC; LIRAGLUTIDE","NOVO","","Approval"
"11/21/2016","SOLIQUA 100/33BLA   #208673","ORIG-1","INSULIN GLARGINE; LIXISENATIDE","SANOFI-AVENTIS US","","Approval"
"11/21/2016","DARZALEXBLA   #761036","SUPPL-3","DARATUMUMAB","JANSSEN BIOTECH","","Approval"
"11/21/2016","DARZALEXBLA   #761036","SUPPL-4","DARATUMUMAB","JANSSEN BIOTECH","","Approval"
"11/22/2016","BETA-VALNDA   #018642","SUPPL-25","BETAMETHASONE VALERATE","COSETTE","Manufacturing (CMC)","Approval"
"11/22/2016","CORDARONENDA   #018972","SUPPL-52","AMIODARONE HYDROCHLORIDE","WYETH PHARMS","Labeling","Approval"
"11/22/2016","NORVIRNDA   #020659","SUPPL-63","RITONAVIR","ABBVIE","Labeling","Approval"
"11/22/2016","NORVIRNDA   #020945","SUPPL-41","RITONAVIR","ABBVIE","Labeling","Approval"
"11/22/2016","KALETRANDA   #021226","SUPPL-43","LOPINAVIR; RITONAVIR","ABBVIE","Labeling","Approval"
"11/22/2016","KALETRANDA   #021251","SUPPL-52","LOPINAVIR; RITONAVIR","ABBVIE","Labeling","Approval"
"11/22/2016","KALETRANDA   #021906","SUPPL-46","LOPINAVIR; RITONAVIR","ABBVIE","Labeling","Approval"
"11/22/2016","NEXTERONENDA   #022325","SUPPL-13","AMIODARONE HYDROCHLORIDE","BAXTER HLTHCARE","Labeling","Approval"
"11/22/2016","NORVIRNDA   #022417","SUPPL-15","RITONAVIR","ABBVIE","Labeling","Approval"
"11/22/2016","CEFTINNDA   #050605","SUPPL-49","CEFUROXIME AXETIL","GLAXOSMITHKLINE","Labeling","Approval"
"11/22/2016","CEFZILNDA   #050664","SUPPL-26","CEFPROZIL","CORDEN PHARMA","Labeling","Approval"
"11/22/2016","CEFZILNDA   #050665","SUPPL-26","CEFPROZIL","CORDEN PHARMA","Labeling","Approval"
"11/22/2016","CEFTINNDA   #050672","SUPPL-35","CEFUROXIME AXETIL","GLAXOSMITHKLINE","Labeling","Approval"
"11/22/2016","TOLTERODINE TARTRATEANDA  #079141","ORIG-1","TOLTERODINE TARTRATE","TEVA PHARMS USA","","Approval"
"11/22/2016","FINASTERIDEANDA  #090060","SUPPL-2","FINASTERIDE","HETERO LABS LTD III","Manufacturing (CMC)","Approval"
"11/22/2016","LUCENTISBLA   #125156","SUPPL-112","RANIBIZUMAB","GENENTECH","","Approval"
"11/22/2016","ALOSETRON HYDROCHLORIDEANDA  #200652","SUPPL-4","ALOSETRON HYDROCHLORIDE","HIKMA","REMS","Approval"
"11/22/2016","REVATIONDA   #203109","SUPPL-10","SILDENAFIL CITRATE","UPJOHN","Manufacturing (CMC)","Approval"
"11/22/2016","METAXALONEANDA  #204770","ORIG-1","METAXALONE","LANNETT CO INC","","Approval"
"11/22/2016","MEMANTINE HYDROCHLORIDEANDA  #206135","ORIG-1","MEMANTINE HYDROCHLORIDE","APOTEX","","Approval"
"11/22/2016","DROSPIRENONE AND ETHINYL ESTRADIOLANDA  #207245","ORIG-1","DROSPIRENONE; ETHINYL ESTRADIOL","NAARI PTE LTD","","Approval"
"11/23/2016","IBUPROFENANDA  #202413","ORIG-1","IBUPROFEN","SHANDONG XINHUA","","Approval"
"11/23/2016","INVOKAMETNDA   #204353","SUPPL-19","CANAGLIFLOZIN; METFORMIN HYDROCHLORIDE","JANSSEN PHARMS","Manufacturing (CMC)","Approval"
"11/23/2016","TEMOZOLOMIDEANDA  #204639","ORIG-1","TEMOZOLOMIDE","CHEMI SPA","","Approval"
"11/23/2016","PRESTALIANDA   #205003","SUPPL-2","AMLODIPINE BESYLATE; PERINDOPRIL ARGININE","ADHERA","Labeling","Approval"
"11/23/2016","ENTECAVIRANDA  #206294","ORIG-1","ENTECAVIR","PAR PHARM INC","","Approval"
"11/23/2016","TOUJEO MAX SOLOSTARBLA   #206538","SUPPL-3","INSULIN GLARGINE RECOMBINANT","SANOFI US SERVICES","","Approval"
"11/23/2016","TOUJEO SOLOSTARBLA   #206538","SUPPL-3","INSULIN GLARGINE RECOMBINANT","SANOFI US SERVICES","","Approval"
"11/23/2016","BUDESONIDEANDA  #206724","ORIG-1","BUDESONIDE","ALVOGEN","","Approval"
"11/23/2016","ROSUVASTATIN CALCIUMANDA  #207453","ORIG-1","ROSUVASTATIN CALCIUM","CADILA PHARMS LTD","","Approval"
"11/23/2016","OXYCODONE HYDROCHLORIDEANDA  #207511","ORIG-1","OXYCODONE HYDROCHLORIDE","EYWA","","Approval"
"11/23/2016","NINLARONDA   #208462","SUPPL-1","IXAZOMIB CITRATE","TAKEDA PHARMS USA","Labeling","Approval"
"11/23/2016","NEVIRAPINEANDA  #208616","ORIG-1","NEVIRAPINE","AUROBINDO PHARMA LTD","","Approval"
"11/25/2016","RENVELANDA   #022127","SUPPL-15","SEVELAMER CARBONATE","SANOFI","Efficacy","Approval"
"11/25/2016","RENVELANDA   #022318","SUPPL-8","SEVELAMER CARBONATE","GENZYME","Efficacy","Approval"
"11/25/2016","PRAVASTATIN SODIUMANDA  #076714","SUPPL-9","PRAVASTATIN SODIUM","DR REDDYS LABS INC","Labeling","Approval"
"11/25/2016","VENLAFAXINE HYDROCHLORIDEANDA  #077653","SUPPL-13","VENLAFAXINE HYDROCHLORIDE","ZYDUS PHARMS USA","Labeling","Approval"
"11/25/2016","AMLODIPINE AND OLMESARTAN MEDOXOMILANDA  #202933","ORIG-1","AMLODIPINE BESYLATE; OLMESARTAN MEDOXOMIL","TORRENT","","Approval"
"11/25/2016","DICLOFENAC SODIUM AND MISOPROSTOLANDA  #203995","ORIG-1","DICLOFENAC SODIUM; MISOPROSTOL","AMNEAL PHARMS","","Approval"
"11/25/2016","METOPROLOL SUCCINATEANDA  #204161","ORIG-1","METOPROLOL SUCCINATE","ACTAVIS ELIZABETH","","Approval"
"11/25/2016","VELTASSANDA   #205739","SUPPL-9","PATIROMER SORBITEX CALCIUM","VIFOR PHARMA","Labeling","Approval"
"11/25/2016","MAGNESIUM SULFATE IN DEXTROSE 5% IN PLASTIC CONTAINERANDA  #207349","SUPPL-1","MAGNESIUM SULFATE","HQ SPCLT PHARMA","Manufacturing (CMC)","Approval"
"11/27/2016","AMANTADINE HYDROCHLORIDEANDA  #077659","SUPPL-2","AMANTADINE HYDROCHLORIDE","ACTAVIS ELIZABETH","Labeling","Approval"
"11/28/2016","XIAFLEXBLA   #125338","SUPPL-100","COLLAGENASE CLOSTRIDIUM HISTOLYTICUM","AUXILIUM PHARMS","","Approval"
"11/28/2016","XIAFLEXBLA   #125338","SUPPL-101","COLLAGENASE CLOSTRIDIUM HISTOLYTICUM","AUXILIUM PHARMS","","Approval"
"11/28/2016","ARMODAFINILANDA  #200751","ORIG-1","ARMODAFINIL","LUPIN LTD","","Approval"
"11/28/2016","ARMODAFINILANDA  #200751","ORIG-2","ARMODAFINIL","LUPIN LTD","","Tentative Approval"
"11/28/2016","ARMODAFINILANDA  #202768","ORIG-1","ARMODAFINIL","NATCO PHARMA LTD","","Approval"
"11/28/2016","ICLUSIGNDA   #203469","SUPPL-22","PONATINIB HYDROCHLORIDE","TAKEDA PHARMS USA","Efficacy","Approval"
"11/28/2016","ZOLEDRONIC ACIDANDA  #205279","ORIG-1","ZOLEDRONIC ACID","ACCORD HLTHCARE","","Approval"
"11/28/2016","ILOPERIDONEANDA  #207231","ORIG-1","ILOPERIDONE","INVENTIA","","Approval"
"11/28/2016","DEXRAZOXANE HYDROCHLORIDEANDA  #207321","ORIG-1","DEXRAZOXANE HYDROCHLORIDE","GLAND","","Approval"
"11/29/2016","ELLIOTTS B SOLUTIONNDA   #020577","SUPPL-10","CALCIUM CHLORIDE; DEXTROSE; MAGNESIUM SULFATE; POTASSIUM CHLORIDE; SODIUM BICARBONATE; SODIUM CHLORIDE; SODIUM PHOSPHATE, DIBASIC, HEPTAHYDRATE","LUKARE MEDICAL LLC","Manufacturing (CMC)","Approval"
"11/29/2016","AMERGENDA   #020763","SUPPL-11","NARATRIPTAN HYDROCHLORIDE","GLAXOSMITHKLINE LLC","Labeling","Approval"
"11/29/2016","ANTARA (MICRONIZED)NDA   #021695","SUPPL-14","FENOFIBRATE","LUPIN","Manufacturing (CMC)","Approval"
"11/29/2016","GILENYANDA   #022527","SUPPL-21","FINGOLIMOD HYDROCHLORIDE","NOVARTIS","REMS","Approval"
"11/29/2016","PAMIDRONATE DISODIUMANDA  #077433","SUPPL-2","PAMIDRONATE DISODIUM","AREVA PHARMS","Labeling","Approval"
"11/29/2016","PAMIDRONATE DISODIUMANDA  #077433","SUPPL-3","PAMIDRONATE DISODIUM","AREVA PHARMS","Labeling","Approval"
"11/29/2016","SUMATRIPTAN SUCCINATEANDA  #077907","SUPPL-11","SUMATRIPTAN SUCCINATE","TEVA PHARMS USA","Labeling","Approval"
"11/29/2016","AUBAGIONDA   #202992","SUPPL-2","TERIFLUNOMIDE","SANOFI AVENTIS US","Labeling","Approval"
"11/29/2016","RISEDRONATE SODIUMANDA  #203533","ORIG-2","RISEDRONATE SODIUM","MACLEODS PHARMS LTD","","Approval"
"11/29/2016","PROVAYBLUENDA   #204630","SUPPL-2","METHYLENE BLUE","PROVEPHARM SAS","Manufacturing (CMC)","Approval"
"11/29/2016","CLOZAPINEANDA  #206433","ORIG-1","CLOZAPINE","AUROBINDO PHARMA LTD","","Approval"
"11/29/2016","CYPROHEPTADINE HYDROCHLORIDEANDA  #206553","ORIG-1","CYPROHEPTADINE HYDROCHLORIDE","APPCO","","Approval"
"11/29/2016","HYDROCODONE BITARTRATE AND ACETAMINOPHENANDA  #207137","ORIG-1","ACETAMINOPHEN; HYDROCODONE BITARTRATE","AMNEAL PHARMS","","Approval"
"11/29/2016","CLOBETASOL PROPIONATEANDA  #208667","ORIG-1","CLOBETASOL PROPIONATE","TELIGENT","","Approval"
"11/30/2016","DILANTIN-125NDA   #008762","SUPPL-57","PHENYTOIN","UPJOHN","Labeling","Approval"
"11/30/2016","DILANTIN-125NDA   #008762","SUPPL-58","PHENYTOIN","UPJOHN","Labeling","Approval"
"11/30/2016","DILANTIN-30NDA   #008762","SUPPL-57","PHENYTOIN","UPJOHN","Labeling","Approval"
"11/30/2016","DILANTIN-30NDA   #008762","SUPPL-58","PHENYTOIN","UPJOHN","Labeling","Approval"
"11/30/2016","DILANTINNDA   #010151","SUPPL-44","PHENYTOIN SODIUM","PARKE DAVIS","Labeling","Approval"
"11/30/2016","DILANTINNDA   #010151","SUPPL-45","PHENYTOIN SODIUM","PARKE DAVIS","Labeling","Approval"
"11/30/2016","NUTROPIN AQBLA   #020522","SUPPL-60","SOMATROPIN","GENENTECH","","Approval"
"11/30/2016","NUTROPIN AQ NUSPINBLA   #020522","SUPPL-60","SOMATROPIN","GENENTECH","","Approval"
"11/30/2016","NUTROPIN AQ PENBLA   #020522","SUPPL-60","SOMATROPIN","GENENTECH","","Approval"
"11/30/2016","ZEMPLARNDA   #020819","SUPPL-32","PARICALCITOL","ABBVIE","Manufacturing (CMC)","Approval"
"11/30/2016","CONCERTANDA   #021121","SUPPL-37","METHYLPHENIDATE HYDROCHLORIDE","JANSSEN PHARMS","Manufacturing (CMC)","Approval"
"11/30/2016","STARLIXNDA   #021204","SUPPL-20","NATEGLINIDE","NOVARTIS","Manufacturing (CMC)","Approval"
"11/30/2016","DIPYRIDAMOLEANDA  #040733","SUPPL-4","DIPYRIDAMOLE","MURTY PHARMS","Manufacturing (CMC)","Approval"
"11/30/2016","GUANFACINE HYDROCHLORIDEANDA  #074145","SUPPL-21","GUANFACINE HYDROCHLORIDE","WATSON LABS","Labeling","Approval"
"11/30/2016","LAMOTRIGINEANDA  #076701","SUPPL-8","LAMOTRIGINE","DR REDDYS LABS LTD","Labeling","Approval"
"11/30/2016","PROPYLTHIOURACILANDA  #080154","SUPPL-39","PROPYLTHIOURACIL","QUAGEN","Labeling","Approval"
"11/30/2016","PROPYLTHIOURACILANDA  #080154","SUPPL-42","PROPYLTHIOURACIL","QUAGEN","Labeling","Approval"
"11/30/2016","LEVETIRACETAMANDA  #091627","SUPPL-2","LEVETIRACETAM","SAGENT PHARMS","Labeling","Approval"
"11/30/2016","LEVETIRACETAMANDA  #091627","SUPPL-4","LEVETIRACETAM","SAGENT PHARMS","Labeling","Approval"
"11/30/2016","LEVETIRACETAMANDA  #091627","SUPPL-5","LEVETIRACETAM","SAGENT PHARMS","Labeling","Approval"
"11/30/2016","LEVETIRACETAMANDA  #091627","SUPPL-7","LEVETIRACETAM","SAGENT PHARMS","Labeling","Approval"
"11/30/2016","REPATHABLA   #125522","SUPPL-8","EVOLOCUMAB","AMGEN INC","","Approval"
"11/30/2016","GUANFACINE HYDROCHLORIDEANDA  #200881","SUPPL-5","GUANFACINE HYDROCHLORIDE","ACTAVIS ELIZABETH","Labeling","Approval"
"11/30/2016","METOPROLOL TARTRATEANDA  #200981","SUPPL-7","METOPROLOL TARTRATE","RUBICON","Labeling","Approval"
"11/30/2016","LYMPHOSEEK KITNDA   #202207","SUPPL-6","TECHNETIUM TC-99M TILMANOCEPT","CARDINAL HEALTH 414","Manufacturing (CMC)","Approval"
"11/30/2016","MARQIBO KITNDA   #202497","SUPPL-5","VINCRISTINE SULFATE","ACROTECH","Manufacturing (CMC)","Approval"
"11/30/2016","ZOLEDRONIC ACIDANDA  #202650","SUPPL-7","ZOLEDRONIC ACID","MYLAN LABS LTD","Labeling","Approval"
"11/30/2016","DEXMETHYLPHENIDATE HYDROCHLORIDEANDA  #202842","ORIG-1","DEXMETHYLPHENIDATE HYDROCHLORIDE","PAR PHARM INC","","Approval"
"11/30/2016","DESOXIMETASONEANDA  #204272","ORIG-1","DESOXIMETASONE","RISING","","Approval"
"11/30/2016","TOPOTECAN HYDROCHLORIDEANDA  #206962","ORIG-1","TOPOTECAN HYDROCHLORIDE","NOVAST LABS","","Approval"